,Area,Year,Item,Element Code,Unit,value
501607,South-eastern Asia,1961-01-01,"Abaca, manila hemp, raw",5312,ha,185436.0
501610,South-eastern Asia,1961-01-01,"Agave fibres, raw, n.e.c.",5312,ha,2600.0
501613,South-eastern Asia,1961-01-01,"Anise, badian, coriander, cumin, caraway, fennel and juniper berries, raw",5312,ha,1000.0
501616,South-eastern Asia,1961-01-01,Areca nuts,5312,ha,82331.0
501620,South-eastern Asia,1961-01-01,Avocados,5312,ha,9500.0
501623,South-eastern Asia,1961-01-01,Bananas,5312,ha,525064.0
501626,South-eastern Asia,1961-01-01,"Beans, dry",5312,ha,758672.0
501633,South-eastern Asia,1961-01-01,"Broad beans and horse beans, green",5312,ha,30.0
501638,South-eastern Asia,1961-01-01,Cabbages,5312,ha,40500.0
501641,South-eastern Asia,1961-01-01,Canary seed,5312,ha,1000.0
501893,South-eastern Asia,1962-01-01,"Abaca, manila hemp, raw",5312,ha,184421.0
501896,South-eastern Asia,1962-01-01,"Agave fibres, raw, n.e.c.",5312,ha,2990.0
501899,South-eastern Asia,1962-01-01,"Anise, badian, coriander, cumin, caraway, fennel and juniper berries, raw",5312,ha,1000.0
501902,South-eastern Asia,1962-01-01,Areca nuts,5312,ha,79727.0
501906,South-eastern Asia,1962-01-01,Avocados,5312,ha,9500.0
501909,South-eastern Asia,1962-01-01,Bananas,5312,ha,522869.0
501912,South-eastern Asia,1962-01-01,"Beans, dry",5312,ha,771658.0
501919,South-eastern Asia,1962-01-01,"Broad beans and horse beans, green",5312,ha,30.0
501924,South-eastern Asia,1962-01-01,Cabbages,5312,ha,44080.0
501927,South-eastern Asia,1962-01-01,Canary seed,5312,ha,1000.0
502179,South-eastern Asia,1963-01-01,"Abaca, manila hemp, raw",5312,ha,213623.0
502182,South-eastern Asia,1963-01-01,"Agave fibres, raw, n.e.c.",5312,ha,2910.0
502185,South-eastern Asia,1963-01-01,"Anise, badian, coriander, cumin, caraway, fennel and juniper berries, raw",5312,ha,1000.0
502188,South-eastern Asia,1963-01-01,Areca nuts,5312,ha,83045.0
502192,South-eastern Asia,1963-01-01,Avocados,5312,ha,9500.0
502195,South-eastern Asia,1963-01-01,Bananas,5312,ha,527285.0
502198,South-eastern Asia,1963-01-01,"Beans, dry",5312,ha,916150.0
502205,South-eastern Asia,1963-01-01,"Broad beans and horse beans, green",5312,ha,30.0
502210,South-eastern Asia,1963-01-01,Cabbages,5312,ha,47500.0
502213,South-eastern Asia,1963-01-01,Canary seed,5312,ha,1000.0
502465,South-eastern Asia,1964-01-01,"Abaca, manila hemp, raw",5312,ha,201854.0
502468,South-eastern Asia,1964-01-01,"Agave fibres, raw, n.e.c.",5312,ha,2520.0
502471,South-eastern Asia,1964-01-01,"Anise, badian, coriander, cumin, caraway, fennel and juniper berries, raw",5312,ha,1000.0
502474,South-eastern Asia,1964-01-01,Areca nuts,5312,ha,90688.0
502478,South-eastern Asia,1964-01-01,Avocados,5312,ha,10300.0
502481,South-eastern Asia,1964-01-01,Bananas,5312,ha,556671.0
502484,South-eastern Asia,1964-01-01,"Beans, dry",5312,ha,940990.0
502491,South-eastern Asia,1964-01-01,"Broad beans and horse beans, green",5312,ha,30.0
502496,South-eastern Asia,1964-01-01,Cabbages,5312,ha,47800.0
502499,South-eastern Asia,1964-01-01,Canary seed,5312,ha,1000.0
502751,South-eastern Asia,1965-01-01,"Abaca, manila hemp, raw",5312,ha,200829.0
502754,South-eastern Asia,1965-01-01,"Agave fibres, raw, n.e.c.",5312,ha,2720.0
502757,South-eastern Asia,1965-01-01,"Anise, badian, coriander, cumin, caraway, fennel and juniper berries, raw",5312,ha,1000.0
502760,South-eastern Asia,1965-01-01,Areca nuts,5312,ha,95235.0
502764,South-eastern Asia,1965-01-01,Avocados,5312,ha,10300.0
502767,South-eastern Asia,1965-01-01,Bananas,5312,ha,612885.0
502770,South-eastern Asia,1965-01-01,"Beans, dry",5312,ha,933840.0
502777,South-eastern Asia,1965-01-01,"Broad beans and horse beans, green",5312,ha,30.0
502782,South-eastern Asia,1965-01-01,Cabbages,5312,ha,44910.0
502785,South-eastern Asia,1965-01-01,Canary seed,5312,ha,1000.0
503037,South-eastern Asia,1966-01-01,"Abaca, manila hemp, raw",5312,ha,200698.0
503040,South-eastern Asia,1966-01-01,"Agave fibres, raw, n.e.c.",5312,ha,3010.0
503043,South-eastern Asia,1966-01-01,"Anise, badian, coriander, cumin, caraway, fennel and juniper berries, raw",5312,ha,1000.0
503046,South-eastern Asia,1966-01-01,Areca nuts,5312,ha,94735.0
503050,South-eastern Asia,1966-01-01,Avocados,5312,ha,11000.0
503053,South-eastern Asia,1966-01-01,Bananas,5312,ha,620583.0
503056,South-eastern Asia,1966-01-01,"Beans, dry",5312,ha,958110.0
503063,South-eastern Asia,1966-01-01,"Broad beans and horse beans, green",5312,ha,30.0
503068,South-eastern Asia,1966-01-01,Cabbages,5312,ha,43810.0
503071,South-eastern Asia,1966-01-01,Canary seed,5312,ha,1000.0
503323,South-eastern Asia,1967-01-01,"Abaca, manila hemp, raw",5312,ha,188623.0
503326,South-eastern Asia,1967-01-01,"Agave fibres, raw, n.e.c.",5312,ha,3040.0
503329,South-eastern Asia,1967-01-01,"Anise, badian, coriander, cumin, caraway, fennel and juniper berries, raw",5312,ha,1000.0
503332,South-eastern Asia,1967-01-01,Areca nuts,5312,ha,96044.0
503336,South-eastern Asia,1967-01-01,Avocados,5312,ha,11000.0
503339,South-eastern Asia,1967-01-01,Bananas,5312,ha,612453.0
503342,South-eastern Asia,1967-01-01,"Beans, dry",5312,ha,977000.0
503349,South-eastern Asia,1967-01-01,"Broad beans and horse beans, green",5312,ha,30.0
503354,South-eastern Asia,1967-01-01,Cabbages,5312,ha,42640.0
503357,South-eastern Asia,1967-01-01,Canary seed,5312,ha,1000.0
503609,South-eastern Asia,1968-01-01,"Abaca, manila hemp, raw",5312,ha,172224.0
503612,South-eastern Asia,1968-01-01,"Agave fibres, raw, n.e.c.",5312,ha,2950.0
503615,South-eastern Asia,1968-01-01,"Anise, badian, coriander, cumin, caraway, fennel and juniper berries, raw",5312,ha,1000.0
503618,South-eastern Asia,1968-01-01,Areca nuts,5312,ha,94853.0
503622,South-eastern Asia,1968-01-01,Avocados,5312,ha,11000.0
503625,South-eastern Asia,1968-01-01,Bananas,5312,ha,606547.0
503628,South-eastern Asia,1968-01-01,"Beans, dry",5312,ha,944325.0
503635,South-eastern Asia,1968-01-01,"Broad beans and horse beans, green",5312,ha,30.0
503640,South-eastern Asia,1968-01-01,Cabbages,5312,ha,42593.0
503643,South-eastern Asia,1968-01-01,Canary seed,5312,ha,1000.0
503895,South-eastern Asia,1969-01-01,"Abaca, manila hemp, raw",5312,ha,175060.0
503898,South-eastern Asia,1969-01-01,"Agave fibres, raw, n.e.c.",5312,ha,2800.0
503901,South-eastern Asia,1969-01-01,"Anise, badian, coriander, cumin, caraway, fennel and juniper berries, raw",5312,ha,1000.0
503904,South-eastern Asia,1969-01-01,Areca nuts,5312,ha,100567.0
503908,South-eastern Asia,1969-01-01,Avocados,5312,ha,10500.0
503911,South-eastern Asia,1969-01-01,Bananas,5312,ha,680553.0
503914,South-eastern Asia,1969-01-01,"Beans, dry",5312,ha,962320.0
503921,South-eastern Asia,1969-01-01,"Broad beans and horse beans, green",5312,ha,30.0
503926,South-eastern Asia,1969-01-01,Cabbages,5312,ha,44040.0
503929,South-eastern Asia,1969-01-01,Canary seed,5312,ha,1000.0
504181,South-eastern Asia,1970-01-01,"Abaca, manila hemp, raw",5312,ha,173402.0
504184,South-eastern Asia,1970-01-01,"Agave fibres, raw, n.e.c.",5312,ha,2790.0
504187,South-eastern Asia,1970-01-01,"Anise, badian, coriander, cumin, caraway, fennel and juniper berries, raw",5312,ha,1000.0
504190,South-eastern Asia,1970-01-01,Areca nuts,5312,ha,100877.0
504194,South-eastern Asia,1970-01-01,Avocados,5312,ha,11000.0
504197,South-eastern Asia,1970-01-01,Bananas,5312,ha,707062.0
504200,South-eastern Asia,1970-01-01,"Beans, dry",5312,ha,959060.0
504207,South-eastern Asia,1970-01-01,"Broad beans and horse beans, green",5312,ha,30.0
504212,South-eastern Asia,1970-01-01,Cabbages,5312,ha,44840.0
504215,South-eastern Asia,1970-01-01,Canary seed,5312,ha,1000.0
504467,South-eastern Asia,1971-01-01,"Abaca, manila hemp, raw",5312,ha,155732.0
504470,South-eastern Asia,1971-01-01,"Agave fibres, raw, n.e.c.",5312,ha,2730.0
504473,South-eastern Asia,1971-01-01,"Anise, badian, coriander, cumin, caraway, fennel and juniper berries, raw",5312,ha,1000.0
504476,South-eastern Asia,1971-01-01,Areca nuts,5312,ha,102186.0
504480,South-eastern Asia,1971-01-01,Avocados,5312,ha,9000.0
504483,South-eastern Asia,1971-01-01,Bananas,5312,ha,715679.0
504486,South-eastern Asia,1971-01-01,"Beans, dry",5312,ha,900800.0
504493,South-eastern Asia,1971-01-01,"Broad beans and horse beans, green",5312,ha,35.0
504498,South-eastern Asia,1971-01-01,Cabbages,5312,ha,47080.0
504501,South-eastern Asia,1971-01-01,Canary seed,5312,ha,2000.0
504753,South-eastern Asia,1972-01-01,"Abaca, manila hemp, raw",5312,ha,145502.0
504756,South-eastern Asia,1972-01-01,"Agave fibres, raw, n.e.c.",5312,ha,2560.0
504759,South-eastern Asia,1972-01-01,"Anise, badian, coriander, cumin, caraway, fennel and juniper berries, raw",5312,ha,1000.0
504762,South-eastern Asia,1972-01-01,Areca nuts,5312,ha,102891.0
504766,South-eastern Asia,1972-01-01,Avocados,5312,ha,11350.0
504769,South-eastern Asia,1972-01-01,Bananas,5312,ha,834763.0
504772,South-eastern Asia,1972-01-01,"Beans, dry",5312,ha,1027150.0
504779,South-eastern Asia,1972-01-01,"Broad beans and horse beans, green",5312,ha,35.0
504784,South-eastern Asia,1972-01-01,Cabbages,5312,ha,51120.0
504787,South-eastern Asia,1972-01-01,Canary seed,5312,ha,2000.0
505039,South-eastern Asia,1973-01-01,"Abaca, manila hemp, raw",5312,ha,163600.0
505042,South-eastern Asia,1973-01-01,"Agave fibres, raw, n.e.c.",5312,ha,2560.0
505045,South-eastern Asia,1973-01-01,"Anise, badian, coriander, cumin, caraway, fennel and juniper berries, raw",5312,ha,700.0
505048,South-eastern Asia,1973-01-01,Areca nuts,5312,ha,108495.0
505052,South-eastern Asia,1973-01-01,Avocados,5312,ha,12530.0
505055,South-eastern Asia,1973-01-01,Bananas,5312,ha,857184.0
505058,South-eastern Asia,1973-01-01,"Beans, dry",5312,ha,1089280.0
505065,South-eastern Asia,1973-01-01,"Broad beans and horse beans, green",5312,ha,35.0
505070,South-eastern Asia,1973-01-01,Cabbages,5312,ha,46708.0
505073,South-eastern Asia,1973-01-01,Canary seed,5312,ha,2000.0
505325,South-eastern Asia,1974-01-01,"Abaca, manila hemp, raw",5312,ha,170260.0
505328,South-eastern Asia,1974-01-01,"Agave fibres, raw, n.e.c.",5312,ha,2600.0
505331,South-eastern Asia,1974-01-01,"Anise, badian, coriander, cumin, caraway, fennel and juniper berries, raw",5312,ha,700.0
505334,South-eastern Asia,1974-01-01,Areca nuts,5312,ha,108700.0
505338,South-eastern Asia,1974-01-01,Avocados,5312,ha,13100.0
505341,South-eastern Asia,1974-01-01,Bananas,5312,ha,793118.0
505344,South-eastern Asia,1974-01-01,"Beans, dry",5312,ha,1040900.0
505351,South-eastern Asia,1974-01-01,"Broad beans and horse beans, green",5312,ha,40.0
505356,South-eastern Asia,1974-01-01,Cabbages,5312,ha,49720.0
505359,South-eastern Asia,1974-01-01,Canary seed,5312,ha,2000.0
505611,South-eastern Asia,1975-01-01,"Abaca, manila hemp, raw",5312,ha,179877.0
505614,South-eastern Asia,1975-01-01,"Agave fibres, raw, n.e.c.",5312,ha,2470.0
505617,South-eastern Asia,1975-01-01,"Anise, badian, coriander, cumin, caraway, fennel and juniper berries, raw",5312,ha,700.0
505620,South-eastern Asia,1975-01-01,Areca nuts,5312,ha,108300.0
505624,South-eastern Asia,1975-01-01,Avocados,5312,ha,12710.0
505627,South-eastern Asia,1975-01-01,Bananas,5312,ha,763370.0
505630,South-eastern Asia,1975-01-01,"Beans, dry",5312,ha,947520.0
505637,South-eastern Asia,1975-01-01,"Broad beans and horse beans, green",5312,ha,40.0
505642,South-eastern Asia,1975-01-01,Cabbages,5312,ha,58350.0
505645,South-eastern Asia,1975-01-01,Canary seed,5312,ha,2000.0
505897,South-eastern Asia,1976-01-01,"Abaca, manila hemp, raw",5312,ha,244068.0
505900,South-eastern Asia,1976-01-01,"Agave fibres, raw, n.e.c.",5312,ha,2438.0
505903,South-eastern Asia,1976-01-01,"Anise, badian, coriander, cumin, caraway, fennel and juniper berries, raw",5312,ha,700.0
505906,South-eastern Asia,1976-01-01,Areca nuts,5312,ha,108100.0
505910,South-eastern Asia,1976-01-01,Avocados,5312,ha,15590.0
505913,South-eastern Asia,1976-01-01,Bananas,5312,ha,692709.0
505916,South-eastern Asia,1976-01-01,"Beans, dry",5312,ha,907990.0
505923,South-eastern Asia,1976-01-01,"Broad beans and horse beans, green",5312,ha,40.0
505928,South-eastern Asia,1976-01-01,Cabbages,5312,ha,54410.0
505931,South-eastern Asia,1976-01-01,Canary seed,5312,ha,3000.0
506183,South-eastern Asia,1977-01-01,"Abaca, manila hemp, raw",5312,ha,250517.0
506186,South-eastern Asia,1977-01-01,"Agave fibres, raw, n.e.c.",5312,ha,2630.0
506189,South-eastern Asia,1977-01-01,"Anise, badian, coriander, cumin, caraway, fennel and juniper berries, raw",5312,ha,500.0
506192,South-eastern Asia,1977-01-01,Areca nuts,5312,ha,113305.0
506196,South-eastern Asia,1977-01-01,Avocados,5312,ha,20505.0
506199,South-eastern Asia,1977-01-01,Bananas,5312,ha,678862.0
506202,South-eastern Asia,1977-01-01,"Beans, dry",5312,ha,1173000.0
506209,South-eastern Asia,1977-01-01,"Broad beans and horse beans, green",5312,ha,40.0
506214,South-eastern Asia,1977-01-01,Cabbages,5312,ha,55050.0
506217,South-eastern Asia,1977-01-01,Canary seed,5312,ha,3000.0
506469,South-eastern Asia,1978-01-01,"Abaca, manila hemp, raw",5312,ha,244290.0
506472,South-eastern Asia,1978-01-01,"Agave fibres, raw, n.e.c.",5312,ha,3500.0
506475,South-eastern Asia,1978-01-01,"Anise, badian, coriander, cumin, caraway, fennel and juniper berries, raw",5312,ha,500.0
506478,South-eastern Asia,1978-01-01,Areca nuts,5312,ha,111891.0
506481,South-eastern Asia,1978-01-01,Asparagus,5312,ha,0.0
506484,South-eastern Asia,1978-01-01,Avocados,5312,ha,19308.0
506487,South-eastern Asia,1978-01-01,Bananas,5312,ha,691990.0
506490,South-eastern Asia,1978-01-01,"Beans, dry",5312,ha,1247920.0
506497,South-eastern Asia,1978-01-01,"Broad beans and horse beans, green",5312,ha,40.0
506502,South-eastern Asia,1978-01-01,Cabbages,5312,ha,62776.0
506758,South-eastern Asia,1979-01-01,"Abaca, manila hemp, raw",5312,ha,235180.0
506761,South-eastern Asia,1979-01-01,"Agave fibres, raw, n.e.c.",5312,ha,3800.0
506764,South-eastern Asia,1979-01-01,"Anise, badian, coriander, cumin, caraway, fennel and juniper berries, raw",5312,ha,500.0
506767,South-eastern Asia,1979-01-01,Areca nuts,5312,ha,113000.0
506770,South-eastern Asia,1979-01-01,Asparagus,5312,ha,0.0
506773,South-eastern Asia,1979-01-01,Avocados,5312,ha,14598.0
506776,South-eastern Asia,1979-01-01,Bananas,5312,ha,722837.0
506779,South-eastern Asia,1979-01-01,"Beans, dry",5312,ha,1260430.0
506786,South-eastern Asia,1979-01-01,"Broad beans and horse beans, green",5312,ha,40.0
506791,South-eastern Asia,1979-01-01,Cabbages,5312,ha,57330.0
507047,South-eastern Asia,1980-01-01,"Abaca, manila hemp, raw",5312,ha,236350.0
507050,South-eastern Asia,1980-01-01,"Agave fibres, raw, n.e.c.",5312,ha,3340.0
507053,South-eastern Asia,1980-01-01,"Anise, badian, coriander, cumin, caraway, fennel and juniper berries, raw",5312,ha,500.0
507056,South-eastern Asia,1980-01-01,Areca nuts,5312,ha,114127.0
507059,South-eastern Asia,1980-01-01,Asparagus,5312,ha,0.0
507062,South-eastern Asia,1980-01-01,Avocados,5312,ha,16140.0
507065,South-eastern Asia,1980-01-01,Bananas,5312,ha,710121.0
507068,South-eastern Asia,1980-01-01,"Beans, dry",5312,ha,1346663.0
507075,South-eastern Asia,1980-01-01,"Broad beans and horse beans, green",5312,ha,45.0
507080,South-eastern Asia,1980-01-01,Cabbages,5312,ha,58467.0
507336,South-eastern Asia,1981-01-01,"Abaca, manila hemp, raw",5312,ha,230714.0
507339,South-eastern Asia,1981-01-01,"Agave fibres, raw, n.e.c.",5312,ha,3280.0
507342,South-eastern Asia,1981-01-01,"Anise, badian, coriander, cumin, caraway, fennel and juniper berries, raw",5312,ha,500.0
507345,South-eastern Asia,1981-01-01,Areca nuts,5312,ha,117775.0
507348,South-eastern Asia,1981-01-01,Asparagus,5312,ha,0.0
507351,South-eastern Asia,1981-01-01,Avocados,5312,ha,20819.0
507354,South-eastern Asia,1981-01-01,Bananas,5312,ha,731051.0
507357,South-eastern Asia,1981-01-01,"Beans, dry",5312,ha,1506566.0
507364,South-eastern Asia,1981-01-01,"Broad beans and horse beans, green",5312,ha,45.0
507369,South-eastern Asia,1981-01-01,Cabbages,5312,ha,72128.0
507625,South-eastern Asia,1982-01-01,"Abaca, manila hemp, raw",5312,ha,207324.0
507628,South-eastern Asia,1982-01-01,"Agave fibres, raw, n.e.c.",5312,ha,3290.0
507631,South-eastern Asia,1982-01-01,"Anise, badian, coriander, cumin, caraway, fennel and juniper berries, raw",5312,ha,700.0
507634,South-eastern Asia,1982-01-01,Areca nuts,5312,ha,117400.0
507637,South-eastern Asia,1982-01-01,Asparagus,5312,ha,0.0
507640,South-eastern Asia,1982-01-01,Avocados,5312,ha,22620.0
507643,South-eastern Asia,1982-01-01,Bananas,5312,ha,767035.0
507646,South-eastern Asia,1982-01-01,"Beans, dry",5312,ha,1371222.0
507653,South-eastern Asia,1982-01-01,"Broad beans and horse beans, green",5312,ha,45.0
507658,South-eastern Asia,1982-01-01,Cabbages,5312,ha,60471.0
507917,South-eastern Asia,1983-01-01,"Abaca, manila hemp, raw",5312,ha,170924.0
507920,South-eastern Asia,1983-01-01,"Agave fibres, raw, n.e.c.",5312,ha,3230.0
507923,South-eastern Asia,1983-01-01,"Anise, badian, coriander, cumin, caraway, fennel and juniper berries, raw",5312,ha,700.0
507926,South-eastern Asia,1983-01-01,Areca nuts,5312,ha,127200.0
507929,South-eastern Asia,1983-01-01,Asparagus,5312,ha,0.0
507932,South-eastern Asia,1983-01-01,Avocados,5312,ha,20965.0
507935,South-eastern Asia,1983-01-01,Bananas,5312,ha,740191.0
507938,South-eastern Asia,1983-01-01,"Beans, dry",5312,ha,1424926.0
507945,South-eastern Asia,1983-01-01,"Broad beans and horse beans, green",5312,ha,50.0
507950,South-eastern Asia,1983-01-01,Cabbages,5312,ha,67591.0
508209,South-eastern Asia,1984-01-01,"Abaca, manila hemp, raw",5312,ha,171391.0
508212,South-eastern Asia,1984-01-01,"Agave fibres, raw, n.e.c.",5312,ha,3170.0
508215,South-eastern Asia,1984-01-01,"Anise, badian, coriander, cumin, caraway, fennel and juniper berries, raw",5312,ha,700.0
508218,South-eastern Asia,1984-01-01,Areca nuts,5312,ha,132158.0
508221,South-eastern Asia,1984-01-01,Asparagus,5312,ha,0.0
508224,South-eastern Asia,1984-01-01,Avocados,5312,ha,22057.0
508227,South-eastern Asia,1984-01-01,Bananas,5312,ha,755279.0
508230,South-eastern Asia,1984-01-01,"Beans, dry",5312,ha,1542882.0
508237,South-eastern Asia,1984-01-01,"Broad beans and horse beans, green",5312,ha,50.0
508242,South-eastern Asia,1984-01-01,Cabbages,5312,ha,73535.0
508501,South-eastern Asia,1985-01-01,"Abaca, manila hemp, raw",5312,ha,164987.0
508504,South-eastern Asia,1985-01-01,"Agave fibres, raw, n.e.c.",5312,ha,3150.0
508507,South-eastern Asia,1985-01-01,"Anise, badian, coriander, cumin, caraway, fennel and juniper berries, raw",5312,ha,700.0
508510,South-eastern Asia,1985-01-01,Areca nuts,5312,ha,110677.0
508513,South-eastern Asia,1985-01-01,Asparagus,5312,ha,0.0
508516,South-eastern Asia,1985-01-01,Avocados,5312,ha,25140.0
508519,South-eastern Asia,1985-01-01,Bananas,5312,ha,733344.0
508522,South-eastern Asia,1985-01-01,Barley,5312,ha,231.0
508525,South-eastern Asia,1985-01-01,"Beans, dry",5312,ha,1560236.0
508532,South-eastern Asia,1985-01-01,"Broad beans and horse beans, green",5312,ha,50.0
508796,South-eastern Asia,1986-01-01,"Abaca, manila hemp, raw",5312,ha,115297.0
508799,South-eastern Asia,1986-01-01,"Agave fibres, raw, n.e.c.",5312,ha,3200.0
508802,South-eastern Asia,1986-01-01,"Anise, badian, coriander, cumin, caraway, fennel and juniper berries, raw",5312,ha,1600.0
508805,South-eastern Asia,1986-01-01,Areca nuts,5312,ha,127072.0
508808,South-eastern Asia,1986-01-01,Asparagus,5312,ha,0.0
508811,South-eastern Asia,1986-01-01,Avocados,5312,ha,21610.0
508814,South-eastern Asia,1986-01-01,Bananas,5312,ha,694675.0
508817,South-eastern Asia,1986-01-01,Barley,5312,ha,214.0
508820,South-eastern Asia,1986-01-01,"Beans, dry",5312,ha,1530531.0
508827,South-eastern Asia,1986-01-01,"Broad beans and horse beans, green",5312,ha,50.0
509091,South-eastern Asia,1987-01-01,"Abaca, manila hemp, raw",5312,ha,115262.0
509094,South-eastern Asia,1987-01-01,"Agave fibres, raw, n.e.c.",5312,ha,3200.0
509097,South-eastern Asia,1987-01-01,"Anise, badian, coriander, cumin, caraway, fennel and juniper berries, raw",5312,ha,1600.0
509100,South-eastern Asia,1987-01-01,Areca nuts,5312,ha,111870.0
509103,South-eastern Asia,1987-01-01,Asparagus,5312,ha,0.0
509106,South-eastern Asia,1987-01-01,Avocados,5312,ha,19680.0
509109,South-eastern Asia,1987-01-01,Bananas,5312,ha,714701.0
509112,South-eastern Asia,1987-01-01,Barley,5312,ha,214.0
509115,South-eastern Asia,1987-01-01,"Beans, dry",5312,ha,1432192.0
509122,South-eastern Asia,1987-01-01,"Broad beans and horse beans, green",5312,ha,50.0
509386,South-eastern Asia,1988-01-01,"Abaca, manila hemp, raw",5312,ha,108760.0
509389,South-eastern Asia,1988-01-01,"Agave fibres, raw, n.e.c.",5312,ha,3300.0
509392,South-eastern Asia,1988-01-01,"Anise, badian, coriander, cumin, caraway, fennel and juniper berries, raw",5312,ha,1300.0
509395,South-eastern Asia,1988-01-01,Areca nuts,5312,ha,132378.0
509398,South-eastern Asia,1988-01-01,Asparagus,5312,ha,1000.0
509402,South-eastern Asia,1988-01-01,Avocados,5312,ha,25372.0
509405,South-eastern Asia,1988-01-01,Bananas,5312,ha,726212.0
509408,South-eastern Asia,1988-01-01,Barley,5312,ha,75.0
509411,South-eastern Asia,1988-01-01,"Beans, dry",5312,ha,1500980.0
509418,South-eastern Asia,1988-01-01,"Broad beans and horse beans, green",5312,ha,100.0
509683,South-eastern Asia,1989-01-01,"Abaca, manila hemp, raw",5312,ha,105580.0
509686,South-eastern Asia,1989-01-01,"Agave fibres, raw, n.e.c.",5312,ha,3300.0
509689,South-eastern Asia,1989-01-01,"Anise, badian, coriander, cumin, caraway, fennel and juniper berries, raw",5312,ha,1500.0
509692,South-eastern Asia,1989-01-01,Areca nuts,5312,ha,132540.0
509695,South-eastern Asia,1989-01-01,Asparagus,5312,ha,1650.0
509699,South-eastern Asia,1989-01-01,Avocados,5312,ha,26709.0
509702,South-eastern Asia,1989-01-01,Bananas,5312,ha,690137.0
509705,South-eastern Asia,1989-01-01,Barley,5312,ha,580.0
509708,South-eastern Asia,1989-01-01,"Beans, dry",5312,ha,1508587.0
509715,South-eastern Asia,1989-01-01,"Broad beans and horse beans, green",5312,ha,100.0
509980,South-eastern Asia,1990-01-01,"Abaca, manila hemp, raw",5312,ha,103004.0
509983,South-eastern Asia,1990-01-01,"Agave fibres, raw, n.e.c.",5312,ha,3216.0
509986,South-eastern Asia,1990-01-01,"Anise, badian, coriander, cumin, caraway, fennel and juniper berries, raw",5312,ha,1300.0
509989,South-eastern Asia,1990-01-01,Areca nuts,5312,ha,135626.0
509992,South-eastern Asia,1990-01-01,Asparagus,5312,ha,2262.0
509996,South-eastern Asia,1990-01-01,Avocados,5312,ha,28816.0
509999,South-eastern Asia,1990-01-01,Bananas,5312,ha,710621.0
510002,South-eastern Asia,1990-01-01,Barley,5312,ha,803.0
510005,South-eastern Asia,1990-01-01,"Beans, dry",5312,ha,1596823.0
510012,South-eastern Asia,1990-01-01,"Broad beans and horse beans, green",5312,ha,132.0
510291,South-eastern Asia,1991-01-01,"Abaca, manila hemp, raw",5312,ha,104866.0
510294,South-eastern Asia,1991-01-01,"Agave fibres, raw, n.e.c.",5312,ha,4115.0
510297,South-eastern Asia,1991-01-01,"Anise, badian, coriander, cumin, caraway, fennel and juniper berries, raw",5312,ha,1316.0
510300,South-eastern Asia,1991-01-01,Areca nuts,5312,ha,135434.0
510303,South-eastern Asia,1991-01-01,Asparagus,5312,ha,2797.0
510307,South-eastern Asia,1991-01-01,Avocados,5312,ha,31778.0
510310,South-eastern Asia,1991-01-01,Bananas,5312,ha,731325.0
510313,South-eastern Asia,1991-01-01,Barley,5312,ha,1951.0
510316,South-eastern Asia,1991-01-01,"Beans, dry",5312,ha,1644247.0
510321,South-eastern Asia,1991-01-01,"Broad beans and horse beans, green",5312,ha,188.0
510619,South-eastern Asia,1992-01-01,"Abaca, manila hemp, raw",5312,ha,102695.0
510622,South-eastern Asia,1992-01-01,"Agave fibres, raw, n.e.c.",5312,ha,3979.0
510625,South-eastern Asia,1992-01-01,"Anise, badian, coriander, cumin, caraway, fennel and juniper berries, raw",5312,ha,1500.0
510628,South-eastern Asia,1992-01-01,Areca nuts,5312,ha,136521.0
510631,South-eastern Asia,1992-01-01,Asparagus,5312,ha,3547.0
510635,South-eastern Asia,1992-01-01,Avocados,5312,ha,32672.0
510638,South-eastern Asia,1992-01-01,Bananas,5312,ha,680755.0
510641,South-eastern Asia,1992-01-01,Barley,5312,ha,2895.0
510644,South-eastern Asia,1992-01-01,"Beans, dry",5312,ha,1862150.0
510649,South-eastern Asia,1992-01-01,"Broad beans and horse beans, green",5312,ha,190.0
510947,South-eastern Asia,1993-01-01,"Abaca, manila hemp, raw",5312,ha,102764.0
510950,South-eastern Asia,1993-01-01,"Agave fibres, raw, n.e.c.",5312,ha,3833.0
510953,South-eastern Asia,1993-01-01,"Anise, badian, coriander, cumin, caraway, fennel and juniper berries, raw",5312,ha,1600.0
510956,South-eastern Asia,1993-01-01,Areca nuts,5312,ha,123553.0
510959,South-eastern Asia,1993-01-01,Asparagus,5312,ha,4164.0
510963,South-eastern Asia,1993-01-01,Avocados,5312,ha,24235.0
510966,South-eastern Asia,1993-01-01,Bananas,5312,ha,686086.0
510969,South-eastern Asia,1993-01-01,Barley,5312,ha,6000.0
510972,South-eastern Asia,1993-01-01,"Beans, dry",5312,ha,1970320.0
510977,South-eastern Asia,1993-01-01,"Broad beans and horse beans, green",5312,ha,239.0
511275,South-eastern Asia,1994-01-01,"Abaca, manila hemp, raw",5312,ha,103777.0
511278,South-eastern Asia,1994-01-01,"Agave fibres, raw, n.e.c.",5312,ha,2660.0
511281,South-eastern Asia,1994-01-01,"Anise, badian, coriander, cumin, caraway, fennel and juniper berries, raw",5312,ha,1300.0
511284,South-eastern Asia,1994-01-01,Areca nuts,5312,ha,123277.0
511287,South-eastern Asia,1994-01-01,Asparagus,5312,ha,5088.0
511291,South-eastern Asia,1994-01-01,Avocados,5312,ha,19931.0
511294,South-eastern Asia,1994-01-01,Bananas,5312,ha,665956.0
511297,South-eastern Asia,1994-01-01,Barley,5312,ha,7700.0
511300,South-eastern Asia,1994-01-01,"Beans, dry",5312,ha,1961957.0
511305,South-eastern Asia,1994-01-01,"Broad beans and horse beans, green",5312,ha,251.0
511603,South-eastern Asia,1995-01-01,"Abaca, manila hemp, raw",5312,ha,106261.0
511606,South-eastern Asia,1995-01-01,"Agave fibres, raw, n.e.c.",5312,ha,3600.0
511609,South-eastern Asia,1995-01-01,"Anise, badian, coriander, cumin, caraway, fennel and juniper berries, raw",5312,ha,1500.0
511612,South-eastern Asia,1995-01-01,Areca nuts,5312,ha,115438.0
511615,South-eastern Asia,1995-01-01,Asparagus,5312,ha,5791.0
511619,South-eastern Asia,1995-01-01,Avocados,5312,ha,24572.0
511622,South-eastern Asia,1995-01-01,Bananas,5312,ha,672373.0
511625,South-eastern Asia,1995-01-01,Barley,5312,ha,10000.0
511628,South-eastern Asia,1995-01-01,"Beans, dry",5312,ha,2098590.0
511633,South-eastern Asia,1995-01-01,"Broad beans and horse beans, green",5312,ha,284.0
511931,South-eastern Asia,1996-01-01,"Abaca, manila hemp, raw",5312,ha,116895.0
511934,South-eastern Asia,1996-01-01,"Agave fibres, raw, n.e.c.",5312,ha,3800.0
511937,South-eastern Asia,1996-01-01,"Anise, badian, coriander, cumin, caraway, fennel and juniper berries, raw",5312,ha,2500.0
511940,South-eastern Asia,1996-01-01,Areca nuts,5312,ha,114954.0
511943,South-eastern Asia,1996-01-01,Asparagus,5312,ha,6384.0
511947,South-eastern Asia,1996-01-01,Avocados,5312,ha,24341.0
511950,South-eastern Asia,1996-01-01,Bananas,5312,ha,693709.0
511953,South-eastern Asia,1996-01-01,Barley,5312,ha,11715.0
511956,South-eastern Asia,1996-01-01,"Beans, dry",5312,ha,2238117.0
511961,South-eastern Asia,1996-01-01,"Broad beans and horse beans, green",5312,ha,283.0
512259,South-eastern Asia,1997-01-01,"Abaca, manila hemp, raw",5312,ha,113034.0
512262,South-eastern Asia,1997-01-01,"Agave fibres, raw, n.e.c.",5312,ha,3823.0
512265,South-eastern Asia,1997-01-01,"Anise, badian, coriander, cumin, caraway, fennel and juniper berries, raw",5312,ha,2900.0
512268,South-eastern Asia,1997-01-01,Areca nuts,5312,ha,117111.0
512271,South-eastern Asia,1997-01-01,Asparagus,5312,ha,6821.0
512275,South-eastern Asia,1997-01-01,Avocados,5312,ha,16450.0
512278,South-eastern Asia,1997-01-01,Bananas,5312,ha,713940.0
512281,South-eastern Asia,1997-01-01,Barley,5312,ha,7757.0
512284,South-eastern Asia,1997-01-01,"Beans, dry",5312,ha,2236910.0
512289,South-eastern Asia,1997-01-01,"Broad beans and horse beans, green",5312,ha,265.0
512587,South-eastern Asia,1998-01-01,"Abaca, manila hemp, raw",5312,ha,106861.0
512590,South-eastern Asia,1998-01-01,"Agave fibres, raw, n.e.c.",5312,ha,3864.0
512593,South-eastern Asia,1998-01-01,"Anise, badian, coriander, cumin, caraway, fennel and juniper berries, raw",5312,ha,4000.0
512596,South-eastern Asia,1998-01-01,Areca nuts,5312,ha,129300.0
512599,South-eastern Asia,1998-01-01,Asparagus,5312,ha,7022.0
512603,South-eastern Asia,1998-01-01,Avocados,5312,ha,17575.0
512606,South-eastern Asia,1998-01-01,Bananas,5312,ha,713812.0
512609,South-eastern Asia,1998-01-01,Barley,5312,ha,8439.0
512612,South-eastern Asia,1998-01-01,"Beans, dry",5312,ha,2237673.0
512617,South-eastern Asia,1998-01-01,"Broad beans and horse beans, green",5312,ha,280.0
512915,South-eastern Asia,1999-01-01,"Abaca, manila hemp, raw",5312,ha,111932.0
512918,South-eastern Asia,1999-01-01,"Agave fibres, raw, n.e.c.",5312,ha,3901.0
512921,South-eastern Asia,1999-01-01,"Anise, badian, coriander, cumin, caraway, fennel and juniper berries, raw",5312,ha,3990.0
512924,South-eastern Asia,1999-01-01,Areca nuts,5312,ha,114570.0
512927,South-eastern Asia,1999-01-01,Asparagus,5312,ha,7923.0
512931,South-eastern Asia,1999-01-01,Avocados,5312,ha,16701.0
512934,South-eastern Asia,1999-01-01,Bananas,5312,ha,753540.0
512937,South-eastern Asia,1999-01-01,Barley,5312,ha,8792.0
512940,South-eastern Asia,1999-01-01,"Beans, dry",5312,ha,2554120.0
512945,South-eastern Asia,1999-01-01,"Broad beans and horse beans, green",5312,ha,294.0
513243,South-eastern Asia,2000-01-01,"Abaca, manila hemp, raw",5312,ha,107351.0
513246,South-eastern Asia,2000-01-01,"Agave fibres, raw, n.e.c.",5312,ha,3931.0
513249,South-eastern Asia,2000-01-01,"Anise, badian, coriander, cumin, caraway, fennel and juniper berries, raw",5312,ha,4300.0
513252,South-eastern Asia,2000-01-01,Areca nuts,5312,ha,131549.0
513255,South-eastern Asia,2000-01-01,Asparagus,5312,ha,9447.0
513259,South-eastern Asia,2000-01-01,Avocados,5312,ha,18471.0
513262,South-eastern Asia,2000-01-01,Bananas,5312,ha,772765.0
513265,South-eastern Asia,2000-01-01,Barley,5312,ha,6132.0
513268,South-eastern Asia,2000-01-01,"Beans, dry",5312,ha,2659409.0
513273,South-eastern Asia,2000-01-01,"Broad beans and horse beans, green",5312,ha,334.0
513571,South-eastern Asia,2001-01-01,"Abaca, manila hemp, raw",5312,ha,107670.0
513574,South-eastern Asia,2001-01-01,"Agave fibres, raw, n.e.c.",5312,ha,3953.0
513577,South-eastern Asia,2001-01-01,"Anise, badian, coriander, cumin, caraway, fennel and juniper berries, raw",5312,ha,4275.0
513580,South-eastern Asia,2001-01-01,Areca nuts,5312,ha,152498.0
513583,South-eastern Asia,2001-01-01,Asparagus,5312,ha,15081.0
513587,South-eastern Asia,2001-01-01,Avocados,5312,ha,16526.0
513590,South-eastern Asia,2001-01-01,Bananas,5312,ha,778185.0
513593,South-eastern Asia,2001-01-01,Barley,5312,ha,6913.0
513596,South-eastern Asia,2001-01-01,"Beans, dry",5312,ha,2735066.0
513601,South-eastern Asia,2001-01-01,"Broad beans and horse beans, green",5312,ha,337.0
513899,South-eastern Asia,2002-01-01,"Abaca, manila hemp, raw",5312,ha,122457.0
513902,South-eastern Asia,2002-01-01,"Agave fibres, raw, n.e.c.",5312,ha,3970.0
513905,South-eastern Asia,2002-01-01,"Anise, badian, coriander, cumin, caraway, fennel and juniper berries, raw",5312,ha,4383.0
513908,South-eastern Asia,2002-01-01,Areca nuts,5312,ha,159600.0
513911,South-eastern Asia,2002-01-01,Asparagus,5312,ha,19146.0
513915,South-eastern Asia,2002-01-01,Avocados,5312,ha,21169.0
513918,South-eastern Asia,2002-01-01,Bananas,5312,ha,773844.0
513921,South-eastern Asia,2002-01-01,Barley,5312,ha,7000.0
513924,South-eastern Asia,2002-01-01,"Beans, dry",5312,ha,2900537.0
513929,South-eastern Asia,2002-01-01,"Broad beans and horse beans, green",5312,ha,356.0
514227,South-eastern Asia,2003-01-01,"Abaca, manila hemp, raw",5312,ha,121997.0
514230,South-eastern Asia,2003-01-01,"Agave fibres, raw, n.e.c.",5312,ha,3981.0
514233,South-eastern Asia,2003-01-01,"Anise, badian, coriander, cumin, caraway, fennel and juniper berries, raw",5312,ha,4400.0
514236,South-eastern Asia,2003-01-01,Areca nuts,5312,ha,174089.0
514239,South-eastern Asia,2003-01-01,Asparagus,5312,ha,18717.0
514243,South-eastern Asia,2003-01-01,Avocados,5312,ha,22776.0
514246,South-eastern Asia,2003-01-01,Bananas,5312,ha,799210.0
514249,South-eastern Asia,2003-01-01,Barley,5312,ha,11500.0
514252,South-eastern Asia,2003-01-01,"Beans, dry",5312,ha,2892458.0
514257,South-eastern Asia,2003-01-01,"Broad beans and horse beans, green",5312,ha,376.0
514555,South-eastern Asia,2004-01-01,"Abaca, manila hemp, raw",5312,ha,127981.0
514558,South-eastern Asia,2004-01-01,"Agave fibres, raw, n.e.c.",5312,ha,3984.0
514561,South-eastern Asia,2004-01-01,"Anise, badian, coriander, cumin, caraway, fennel and juniper berries, raw",5312,ha,4643.0
514564,South-eastern Asia,2004-01-01,Areca nuts,5312,ha,190478.0
514567,South-eastern Asia,2004-01-01,Asparagus,5312,ha,21700.0
514571,South-eastern Asia,2004-01-01,Avocados,5312,ha,21058.0
514574,South-eastern Asia,2004-01-01,Bananas,5312,ha,798078.0
514577,South-eastern Asia,2004-01-01,Barley,5312,ha,12000.0
514580,South-eastern Asia,2004-01-01,"Beans, dry",5312,ha,2850923.0
514585,South-eastern Asia,2004-01-01,"Broad beans and horse beans, green",5312,ha,403.0
514883,South-eastern Asia,2005-01-01,"Abaca, manila hemp, raw",5312,ha,136490.0
514886,South-eastern Asia,2005-01-01,"Agave fibres, raw, n.e.c.",5312,ha,3979.0
514889,South-eastern Asia,2005-01-01,"Anise, badian, coriander, cumin, caraway, fennel and juniper berries, raw",5312,ha,4796.0
514892,South-eastern Asia,2005-01-01,Areca nuts,5312,ha,179171.0
514895,South-eastern Asia,2005-01-01,Asparagus,5312,ha,22272.0
514899,South-eastern Asia,2005-01-01,Avocados,5312,ha,22787.0
514902,South-eastern Asia,2005-01-01,Bananas,5312,ha,801950.0
514905,South-eastern Asia,2005-01-01,Barley,5312,ha,14000.0
514908,South-eastern Asia,2005-01-01,"Beans, dry",5312,ha,2943721.0
514913,South-eastern Asia,2005-01-01,"Broad beans and horse beans, green",5312,ha,400.0
515211,South-eastern Asia,2006-01-01,"Abaca, manila hemp, raw",5312,ha,136413.0
515214,South-eastern Asia,2006-01-01,"Agave fibres, raw, n.e.c.",5312,ha,3972.0
515217,South-eastern Asia,2006-01-01,"Anise, badian, coriander, cumin, caraway, fennel and juniper berries, raw",5312,ha,5049.0
515220,South-eastern Asia,2006-01-01,Areca nuts,5312,ha,188458.0
515223,South-eastern Asia,2006-01-01,Asparagus,5312,ha,20130.0
515227,South-eastern Asia,2006-01-01,Avocados,5312,ha,21237.0
515230,South-eastern Asia,2006-01-01,Bananas,5312,ha,808739.0
515233,South-eastern Asia,2006-01-01,Barley,5312,ha,17785.0
515236,South-eastern Asia,2006-01-01,"Beans, dry",5312,ha,3156383.0
515241,South-eastern Asia,2006-01-01,"Broad beans and horse beans, green",5312,ha,367.0
515539,South-eastern Asia,2007-01-01,"Abaca, manila hemp, raw",5312,ha,136590.0
515542,South-eastern Asia,2007-01-01,"Agave fibres, raw, n.e.c.",5312,ha,3965.0
515545,South-eastern Asia,2007-01-01,"Anise, badian, coriander, cumin, caraway, fennel and juniper berries, raw",5312,ha,5249.0
515548,South-eastern Asia,2007-01-01,Areca nuts,5312,ha,198100.0
515551,South-eastern Asia,2007-01-01,Asparagus,5312,ha,22134.0
515555,South-eastern Asia,2007-01-01,Avocados,5312,ha,22888.0
515558,South-eastern Asia,2007-01-01,Bananas,5312,ha,827178.0
515561,South-eastern Asia,2007-01-01,Barley,5312,ha,21885.0
515564,South-eastern Asia,2007-01-01,"Beans, dry",5312,ha,3303959.0
515569,South-eastern Asia,2007-01-01,"Broad beans and horse beans, green",5312,ha,395.0
515867,South-eastern Asia,2008-01-01,"Abaca, manila hemp, raw",5312,ha,138075.0
515870,South-eastern Asia,2008-01-01,"Agave fibres, raw, n.e.c.",5312,ha,3957.0
515873,South-eastern Asia,2008-01-01,"Anise, badian, coriander, cumin, caraway, fennel and juniper berries, raw",5312,ha,5445.0
515876,South-eastern Asia,2008-01-01,Areca nuts,5312,ha,210736.0
515879,South-eastern Asia,2008-01-01,Asparagus,5312,ha,18489.0
515883,South-eastern Asia,2008-01-01,Avocados,5312,ha,25431.0
515886,South-eastern Asia,2008-01-01,Bananas,5312,ha,839827.0
515889,South-eastern Asia,2008-01-01,Barley,5312,ha,25568.0
515892,South-eastern Asia,2008-01-01,"Beans, dry",5312,ha,3431139.0
515897,South-eastern Asia,2008-01-01,"Broad beans and horse beans, green",5312,ha,421.0
516195,South-eastern Asia,2009-01-01,"Abaca, manila hemp, raw",5312,ha,135654.0
516198,South-eastern Asia,2009-01-01,"Agave fibres, raw, n.e.c.",5312,ha,3952.0
516201,South-eastern Asia,2009-01-01,"Anise, badian, coriander, cumin, caraway, fennel and juniper berries, raw",5312,ha,5644.0
516204,South-eastern Asia,2009-01-01,Areca nuts,5312,ha,223443.0
516207,South-eastern Asia,2009-01-01,Asparagus,5312,ha,17682.0
516211,South-eastern Asia,2009-01-01,Avocados,5312,ha,25670.0
516214,South-eastern Asia,2009-01-01,Bananas,5312,ha,867190.0
516217,South-eastern Asia,2009-01-01,Barley,5312,ha,29217.0
516220,South-eastern Asia,2009-01-01,"Beans, dry",5312,ha,3430357.0
516225,South-eastern Asia,2009-01-01,"Broad beans and horse beans, green",5312,ha,457.0
516523,South-eastern Asia,2010-01-01,"Abaca, manila hemp, raw",5312,ha,135685.0
516526,South-eastern Asia,2010-01-01,"Agave fibres, raw, n.e.c.",5312,ha,3949.0
516529,South-eastern Asia,2010-01-01,"Anise, badian, coriander, cumin, caraway, fennel and juniper berries, raw",5312,ha,5843.0
516532,South-eastern Asia,2010-01-01,Areca nuts,5312,ha,225006.0
516535,South-eastern Asia,2010-01-01,Asparagus,5312,ha,17025.0
516539,South-eastern Asia,2010-01-01,Avocados,5312,ha,26200.0
516542,South-eastern Asia,2010-01-01,Bananas,5312,ha,859599.0
516545,South-eastern Asia,2010-01-01,Barley,5312,ha,32670.0
516548,South-eastern Asia,2010-01-01,"Beans, dry",5312,ha,3414324.0
516553,South-eastern Asia,2010-01-01,"Broad beans and horse beans, green",5312,ha,468.0
516853,South-eastern Asia,2011-01-01,"Abaca, manila hemp, raw",5312,ha,139613.0
516856,South-eastern Asia,2011-01-01,"Agave fibres, raw, n.e.c.",5312,ha,3950.0
516859,South-eastern Asia,2011-01-01,"Anise, badian, coriander, cumin, caraway, fennel and juniper berries, raw",5312,ha,6040.0
516862,South-eastern Asia,2011-01-01,Areca nuts,5312,ha,225841.0
516865,South-eastern Asia,2011-01-01,Asparagus,5312,ha,2629.0
516869,South-eastern Asia,2011-01-01,Avocados,5312,ha,27316.0
516872,South-eastern Asia,2011-01-01,Bananas,5312,ha,825070.0
516875,South-eastern Asia,2011-01-01,Barley,5312,ha,36954.0
516878,South-eastern Asia,2011-01-01,"Beans, dry",5312,ha,3454462.0
516883,South-eastern Asia,2011-01-01,"Broad beans and horse beans, green",5312,ha,478.0
517183,South-eastern Asia,2012-01-01,"Abaca, manila hemp, raw",5312,ha,139203.0
517186,South-eastern Asia,2012-01-01,"Agave fibres, raw, n.e.c.",5312,ha,4000.0
517189,South-eastern Asia,2012-01-01,"Anise, badian, coriander, cumin, caraway, fennel and juniper berries, raw",5312,ha,6500.0
517192,South-eastern Asia,2012-01-01,Areca nuts,5312,ha,231695.0
517195,South-eastern Asia,2012-01-01,Asparagus,5312,ha,2920.0
517199,South-eastern Asia,2012-01-01,Avocados,5312,ha,26695.0
517202,South-eastern Asia,2012-01-01,Bananas,5312,ha,824904.0
517205,South-eastern Asia,2012-01-01,Barley,5312,ha,40466.0
517208,South-eastern Asia,2012-01-01,"Beans, dry",5312,ha,3471780.0
517213,South-eastern Asia,2012-01-01,"Broad beans and horse beans, green",5312,ha,490.0
517513,South-eastern Asia,2013-01-01,"Abaca, manila hemp, raw",5312,ha,139069.0
517516,South-eastern Asia,2013-01-01,"Agave fibres, raw, n.e.c.",5312,ha,4000.0
517519,South-eastern Asia,2013-01-01,"Anise, badian, coriander, cumin, caraway, fennel and juniper berries, raw",5312,ha,6500.0
517522,South-eastern Asia,2013-01-01,Areca nuts,5312,ha,232591.0
517525,South-eastern Asia,2013-01-01,Asparagus,5312,ha,2224.0
517529,South-eastern Asia,2013-01-01,Avocados,5312,ha,26720.0
517532,South-eastern Asia,2013-01-01,Bananas,5312,ha,781474.0
517535,South-eastern Asia,2013-01-01,Barley,5312,ha,43001.0
517538,South-eastern Asia,2013-01-01,"Beans, dry",5312,ha,3608369.0
517543,South-eastern Asia,2013-01-01,"Broad beans and horse beans, green",5312,ha,504.0
517843,South-eastern Asia,2014-01-01,"Abaca, manila hemp, raw",5312,ha,135563.0
517846,South-eastern Asia,2014-01-01,"Agave fibres, raw, n.e.c.",5312,ha,4000.0
517849,South-eastern Asia,2014-01-01,"Anise, badian, coriander, cumin, caraway, fennel and juniper berries, raw",5312,ha,6589.0
517852,South-eastern Asia,2014-01-01,Areca nuts,5312,ha,227988.0
517855,South-eastern Asia,2014-01-01,Asparagus,5312,ha,2095.0
517859,South-eastern Asia,2014-01-01,Avocados,5312,ha,27959.0
517862,South-eastern Asia,2014-01-01,Bananas,5312,ha,530173.0
517865,South-eastern Asia,2014-01-01,Barley,5312,ha,53808.0
517868,South-eastern Asia,2014-01-01,"Beans, dry",5312,ha,3820520.0
517873,South-eastern Asia,2014-01-01,"Broad beans and horse beans, green",5312,ha,504.0
518173,South-eastern Asia,2015-01-01,"Abaca, manila hemp, raw",5312,ha,139109.0
518176,South-eastern Asia,2015-01-01,"Agave fibres, raw, n.e.c.",5312,ha,4009.0
518179,South-eastern Asia,2015-01-01,"Anise, badian, coriander, cumin, caraway, fennel and juniper berries, raw",5312,ha,6796.0
518182,South-eastern Asia,2015-01-01,Areca nuts,5312,ha,231515.0
518185,South-eastern Asia,2015-01-01,Asparagus,5312,ha,1713.0
518189,South-eastern Asia,2015-01-01,Avocados,5312,ha,33991.0
518192,South-eastern Asia,2015-01-01,Bananas,5312,ha,582476.0
518195,South-eastern Asia,2015-01-01,Barley,5312,ha,53051.0
518198,South-eastern Asia,2015-01-01,"Beans, dry",5312,ha,3918424.0
518203,South-eastern Asia,2015-01-01,"Broad beans and horse beans, green",5312,ha,518.0
518503,South-eastern Asia,2016-01-01,"Abaca, manila hemp, raw",5312,ha,142820.0
518506,South-eastern Asia,2016-01-01,"Agave fibres, raw, n.e.c.",5312,ha,4031.0
518509,South-eastern Asia,2016-01-01,"Anise, badian, coriander, cumin, caraway, fennel and juniper berries, raw",5312,ha,6628.0
518512,South-eastern Asia,2016-01-01,Areca nuts,5312,ha,235891.0
518515,South-eastern Asia,2016-01-01,Asparagus,5312,ha,2050.0
518519,South-eastern Asia,2016-01-01,Avocados,5312,ha,28305.0
518522,South-eastern Asia,2016-01-01,Bananas,5312,ha,552590.0
518525,South-eastern Asia,2016-01-01,Barley,5312,ha,52380.0
518528,South-eastern Asia,2016-01-01,"Beans, dry",5312,ha,3902114.0
518533,South-eastern Asia,2016-01-01,"Broad beans and horse beans, green",5312,ha,516.0
518833,South-eastern Asia,2017-01-01,"Abaca, manila hemp, raw",5312,ha,144959.0
518836,South-eastern Asia,2017-01-01,"Agave fibres, raw, n.e.c.",5312,ha,4020.0
518839,South-eastern Asia,2017-01-01,"Anise, badian, coriander, cumin, caraway, fennel and juniper berries, raw",5312,ha,12038.0
518842,South-eastern Asia,2017-01-01,Areca nuts,5312,ha,238887.0
518845,South-eastern Asia,2017-01-01,Asparagus,5312,ha,2006.0
518849,South-eastern Asia,2017-01-01,Avocados,5312,ha,32529.0
518852,South-eastern Asia,2017-01-01,Bananas,5312,ha,570064.0
518855,South-eastern Asia,2017-01-01,Barley,5312,ha,60430.0
518858,South-eastern Asia,2017-01-01,"Beans, dry",5312,ha,3669004.0
518863,South-eastern Asia,2017-01-01,"Broad beans and horse beans, green",5312,ha,522.0
519163,South-eastern Asia,2018-01-01,"Abaca, manila hemp, raw",5312,ha,143284.0
519166,South-eastern Asia,2018-01-01,"Agave fibres, raw, n.e.c.",5312,ha,4020.0
519169,South-eastern Asia,2018-01-01,"Anise, badian, coriander, cumin, caraway, fennel and juniper berries, raw",5312,ha,16895.0
519172,South-eastern Asia,2018-01-01,Areca nuts,5312,ha,207252.0
519175,South-eastern Asia,2018-01-01,Asparagus,5312,ha,1910.0
519179,South-eastern Asia,2018-01-01,Avocados,5312,ha,51850.0
519182,South-eastern Asia,2018-01-01,Bananas,5312,ha,578581.0
519185,South-eastern Asia,2018-01-01,Barley,5312,ha,55722.0
519188,South-eastern Asia,2018-01-01,"Beans, dry",5312,ha,3488836.0
519193,South-eastern Asia,2018-01-01,"Broad beans and horse beans, green",5312,ha,519.0
519493,South-eastern Asia,2019-01-01,"Abaca, manila hemp, raw",5312,ha,142186.0
519496,South-eastern Asia,2019-01-01,"Agave fibres, raw, n.e.c.",5312,ha,4023.0
519499,South-eastern Asia,2019-01-01,"Anise, badian, coriander, cumin, caraway, fennel and juniper berries, raw",5312,ha,22700.0
519502,South-eastern Asia,2019-01-01,Areca nuts,5312,ha,245887.0
519505,South-eastern Asia,2019-01-01,Asparagus,5312,ha,1545.0
519509,South-eastern Asia,2019-01-01,Avocados,5312,ha,50320.0
519512,South-eastern Asia,2019-01-01,Bananas,5312,ha,614236.0
519515,South-eastern Asia,2019-01-01,Barley,5312,ha,62113.0
519518,South-eastern Asia,2019-01-01,"Beans, dry",5312,ha,3449164.0
519523,South-eastern Asia,2019-01-01,"Broad beans and horse beans, green",5312,ha,519.0
519823,South-eastern Asia,2020-01-01,"Abaca, manila hemp, raw",5312,ha,142749.0
519826,South-eastern Asia,2020-01-01,"Agave fibres, raw, n.e.c.",5312,ha,4032.0
519829,South-eastern Asia,2020-01-01,"Anise, badian, coriander, cumin, caraway, fennel and juniper berries, raw",5312,ha,22700.0
519832,South-eastern Asia,2020-01-01,Areca nuts,5312,ha,246885.0
519835,South-eastern Asia,2020-01-01,Asparagus,5312,ha,1395.0
519839,South-eastern Asia,2020-01-01,Avocados,5312,ha,64507.0
519842,South-eastern Asia,2020-01-01,Bananas,5312,ha,681570.0
519845,South-eastern Asia,2020-01-01,Barley,5312,ha,68818.0
519848,South-eastern Asia,2020-01-01,"Beans, dry",5312,ha,3419982.0
519853,South-eastern Asia,2020-01-01,"Broad beans and horse beans, green",5312,ha,520.0
520153,South-eastern Asia,2021-01-01,"Abaca, manila hemp, raw",5312,ha,143322.0
520156,South-eastern Asia,2021-01-01,"Agave fibres, raw, n.e.c.",5312,ha,4035.0
520159,South-eastern Asia,2021-01-01,"Anise, badian, coriander, cumin, caraway, fennel and juniper berries, raw",5312,ha,25817.0
520162,South-eastern Asia,2021-01-01,Areca nuts,5312,ha,244872.0
520165,South-eastern Asia,2021-01-01,Asparagus,5312,ha,1270.0
520169,South-eastern Asia,2021-01-01,Avocados,5312,ha,72790.0
520172,South-eastern Asia,2021-01-01,Bananas,5312,ha,660441.0
520175,South-eastern Asia,2021-01-01,Barley,5312,ha,71601.0
520178,South-eastern Asia,2021-01-01,"Beans, dry",5312,ha,3216386.0
520183,South-eastern Asia,2021-01-01,"Broad beans and horse beans, green",5312,ha,519.0
